INSERT INTO Language (language_id, iso_country_code, iso_language_code, codepage)
VALUES (1, 'es_CL', 'CL', 'ISO-8859-1');

INSERT INTO model (model_id, current_version)
VALUES (1, 1),
(2, 1),
(3, 1),
(4, 1),
(5, 1),
(6, 1),
(7, 1),
(8, 1),
(9, 1),
(10, 1),
(11, 1),
(12, 1),
(13, 1),
(14, 1),
(15, 1),
(16, 1),
(17, 1),
(18, 1),
(19, 1),
(20, 1),
(21, 1),
(22, 1),
(23, 1),
(24, 1),
(25, 1),
(26, 1),
(27, 1),
(28, 1),
(29, 1),
(30, 1),
(31, 1),
(32, 1),
(33, 1),
(34, 1),
(35, 1),
(36, 1),
(37, 1),
(38, 1),
(39, 1),
(40, 1),
(41, 1),
(42, 1),
(43, 1),
(44, 1),
(45, 1),
(46, 1),
(47, 1),
(48, 1),
(49, 1),
(50, 1),
(51, 1),
(52, 1),
(53, 1),
(54, 1),
(55, 1),
(56, 1),
(57, 1),
(58, 1),
(59, 1),
(60, 1),
(61, 1),
(62, 1),
(63, 1),
(64, 1),
(65, 1),
(66, 1),
(67, 1),
(68, 1),
(69, 1),
(70, 1),
(71, 1),
(72, 1),
(73, 1),
(74, 1),
(75, 1),
(76, 1),
(77, 1),
(78, 1),
(79, 1),
(80, 1),
(81, 1),
(82, 1);

INSERT INTO position_entity (position_entity_id, pos_x, pos_y, pos_z, rot_roll, rot_pitch, rot_yaw)
VALUES (1, 0, 0, 0, 0, 0, 0),
(2, 0, 0, 0, 0, 0, 0),
(3, 0, 0, 0, 0, 0, 0),
(4, 0, 0, 0, 0, 0, 0),
(5, 0, 0, 0, 0, 0, 0),
(6, 0, 0, 0, 0, 0, 0),
(7, 0, 0, 0, 0, 0, 0),
(8, 0, 0, 0, 0, 0, 0),
(9, 0, 0, 0, 0, 0, 0),
(10, 0, 0, 0, 0, 0, 0),
(11, 0, 0, 0, 0, 0, 0),
(12, 0, 0, 0, 0, 0, 0),
(13, 0, 0, 0, 0, 0, 0),
(14, 0, 0, 0, 0, 0, 0),
(15, 0, 0, 0, 0, 0, 0),
(16, 0, 0, 0, 0, 0, 0),
(17, 0, 0, 0, 0, 0, 0),
(18, 0, 0, 0, 0, 0, 0),
(19, 0, 0, 0, 0, 0, 0),
(20, 0, 0, 0, 0, 0, 0),
(21, 0, 0, 0, 0, 0, 0),
(22, 0, 0, 0, 0, 0, 0),
(23, 0, 0, 0, 0, 0, 0),
(24, 0, 0, 0, 0, 0, 0),
(25, 0, 0, 0, 0, 0, 0),
(26, 0, 0, 0, 0, 0, 0),
(27, 0, 0, 0, 0, 0, 0),
(28, 0, 0, 0, 0, 0, 0),
(29, 0, 0, 0, 0, 0, 0),
(30, 0, 0, 0, 0, 0, 0),
(31, 0, 0, 0, 0, 0, 0),
(32, 0, 0, 0, 0, 0, 0),
(33, 0, 0, 0, 0, 0, 0),
(34, 0, 0, 0, 0, 0, 0),
(35, 0, 0, 0, 0, 0, 0),
(36, 0, 0, 0, 0, 0, 0),
(37, 0, 0, 0, 0, 0, 0),
(38, 0, 0, 0, 0, 0, 0),
(39, 0, 0, 0, 0, 0, 0),
(40, 0, 0, 0, 0, 0, 0),
(41, 0, 0, 0, 0, 0, 0),
(42, 0, 0, 0, 0, 0, 0),
(43, 0, 0, 0, 0, 0, 0),
(44, 0, 0, 0, 0, 0, 0),
(45, 0, 0, 0, 0, 0, 0),
(46, 0, 0, 0, 0, 0, 0),
(47, 0, 0, 0, 0, 0, 0),
(48, 0, 0, 0, 0, 0, 0),
(49, 0, 0, 0, 0, 0, 0),
(50, 0, 0, 0, 0, 0, 0),
(51, 0, 0, 0, 0, 0, 0),
(52, 0, 0, 0, 0, 0, 0),
(53, 0, 0, 0, 0, 0, 0),
(54, 0, 0, 0, 0, 0, 0),
(55, 0, 0, 0, 0, 0, 0),
(56, 0, 0, 0, 0, 0, 0),
(57, 0, 0, 0, 0, 0, 0),
(58, 0, 0, 0, 0, 0, 0),
(59, 0, 0, 0, 0, 0, 0),
(60, 0, 0, 0, 0, 0, 0),
(61, 0, 0, 0, 0, 0, 0),
(62, 0, 0, 0, 0, 0, 0),
(63, 0, 0, 0, 0, 0, 0),
(64, 0, 0, 0, 0, 0, 0),
(65, 0, 0, 0, 0, 0, 0),
(66, 0, 0, 0, 0, 0, 0),
(67, 0, 0, 0, 0, 0, 0),
(68, 0, 0, 0, 0, 0, 0),
(69, 0, 0, 0, 0, 0, 0),
(70, 0, 0, 0, 0, 0, 0),
(71, 0, 0, 0, 0, 0, 0),
(72, 0, 0, 0, 0, 0, 0),
(73, 0, 0, 0, 0, 0, 0),
(74, 0, 0, 0, 0, 0, 0),
(75, 0, 0, 0, 0, 0, 0),
(76, 0, 0, 0, 0, 0, 0),
(77, 0, 0, 0, 0, 0, 0),
(78, 0, 0, 0, 0, 0, 0),
(79, 0, 0, 0, 0, 0, 0),
(80, 0, 0, 0, 0, 0, 0),
(81, 0, 0, 0, 0, 0, 0),
(82, 0, 0, 0, 0, 0, 0),
(83, 50, 50, 2, 0, 0, 90),
(84, 50, 50, 2, 0, 0, 90),
(85, 50, 50, 2, 0, 0, 90),
(86, 50, 50, 2, 0, 0, 90),
(87, 50, 50, 2, 0, 0, 90),
(88, 50, 50, 2, 0, 0, 90),
(89, 50, 50, 2, 0, 0, 90),
(90, 50, 50, 2, 0, 0, 90),
(91, 50, 50, 2, 0, 0, 90),
(92, 50, 50, 2, 0, 0, 90),
(93, 50, 50, 2, 0, 0, 90),
(94, 50, 50, 2, 0, 0, 90),
(95, 50, 50, 2, 0, 0, 90),
(96, 50, 50, 2, 0, 0, 90),
(97, 50, 50, 2, 0, 0, 90),
(98, 50, 50, 2, 0, 0, 90),
(99, 50, 50, 2, 0, 0, 90),
(100, 50, 50, 2, 0, 0, 90),
(101, 50, 50, 2, 0, 0, 90),
(102, 50, 50, 2, 0, 0, 90),
(103, 50, 50, 2, 0, 0, 90),
(104, 50, 50, 2, 0, 0, 90),
(105, 50, 50, 2, 0, 0, 90),
(106, 50, 50, 2, 0, 0, 90),
(107, 50, 50, 2, 0, 0, 90),
(108, 50, 50, 2, 0, 0, 90),
(109, 50, 50, 2, 0, 0, 90),
(110, 50, 50, 2, 0, 0, 90),
(111, 50, 50, 2, 0, 0, 90),
(112, 50, 50, 2, 0, 0, 90),
(113, 50, 50, 2, 0, 0, 90),
(114, 50, 50, 2, 0, 0, 90),
(115, 50, 50, 2, 0, 0, 90),
(116, 50, 50, 2, 0, 0, 90),
(117, 50, 50, 2, 0, 0, 90),
(118, 50, 50, 2, 0, 0, 90),
(119, 50, 50, 2, 0, 0, 90),
(120, 50, 50, 2, 0, 0, 90),
(121, 50, 50, 2, 0, 0, 90),
(122, 50, 50, 2, 0, 0, 90),
(123, 50, 50, 2, 0, 0, 90),
(124, 50, 50, 2, 0, 0, 90),
(125, 50, 50, 2, 0, 0, 90),
(126, 50, 50, 2, 0, 0, 90),
(127, 50, 50, 2, 0, 0, 90),
(128, 50, 50, 2, 0, 0, 90),
(129, 50, 50, 2, 0, 0, 90),
(130, 50, 50, 2, 0, 0, 90),
(131, 50, 50, 2, 0, 0, 90),
(132, 50, 50, 2, 0, 0, 90),
(133, 50, 50, 2, 0, 0, 90),
(134, 50, 50, 2, 0, 0, 90),
(135, 50, 50, 2, 0, 0, 90),
(136, 50, 50, 2, 0, 0, 90),
(137, 50, 50, 2, 0, 0, 90),
(138, 50, 50, 2, 0, 0, 90),
(139, 50, 50, 2, 0, 0, 90),
(140, 50, 50, 2, 0, 0, 90),
(141, 50, 50, 2, 0, 0, 90),
(142, 50, 50, 2, 0, 0, 90),
(143, 50, 50, 2, 0, 0, 90),
(144, 50, 50, 2, 0, 0, 90),
(145, 50, 50, 2, 0, 0, 90),
(146, 50, 50, 2, 0, 0, 90),
(147, 50, 50, 2, 0, 0, 90),
(148, 50, 50, 2, 0, 0, 90),
(149, 50, 50, 2, 0, 0, 90),
(150, 50, 50, 2, 0, 0, 90),
(151, 50, 50, 2, 0, 0, 90),
(152, 50, 50, 2, 0, 0, 90),
(153, 50, 50, 2, 0, 0, 90),
(154, 50, 50, 2, 0, 0, 90),
(155, 50, 50, 2, 0, 0, 90),
(156, 50, 50, 2, 0, 0, 90),
(157, 50, 50, 2, 0, 0, 90),
(158, 50, 50, 2, 0, 0, 90),
(159, 50, 50, 2, 0, 0, 90),
(160, 50, 50, 2, 0, 0, 90),
(161, 50, 50, 2, 0, 0, 90),
(162, 50, 50, 2, 0, 0, 90),
(163, 50, 50, 2, 0, 0, 90),
(164, 50, 50, 2, 0, 0, 90),
(165, 0, 0, 0, 0, 0, 0),
(166, 0, 0, 0, 0, 0, 0),
(167, 0, 0, 0, 0, 0, 0),
(168, 0, 0, 0, 0, 0, 0);

INSERT INTO model_version (model_id, position_entity_id, version, animated, created_at, path_model, color, material)
VALUES (1, 1, 1, false, now(), '/Game/Proter/Planta-05102017_Bombas_y_tuberias__Accesorios_B4_TRed.Planta-05102017_Bombas_y_tuberias__Accesorios_B4_TRed', 'DarkGray', 'Metal'),
(2, 2, 1, false, now(), '/Game/Proter/Planta-05102017_Bombas_y_tuberias__Accesorios_B5_codo.Planta-05102017_Bombas_y_tuberias__Accesorios_B5_codo', 'DarkGray', 'Metal'),
(3, 3, 1, false, now(), '/Game/Proter/Planta-05102017_Bombas_y_tuberias__Accesorios_B6.Planta-05102017_Bombas_y_tuberias__Accesorios_B6', 'Gray', 'Metal'),
(4, 4, 1, false, now(), '/Game/Proter/Planta-05102017_Bombas_y_tuberias__Accesorios_C1.Planta-05102017_Bombas_y_tuberias__Accesorios_C1', 'Gray', 'Metal'),
(5, 5, 1, false, now(), '/Game/Proter/Planta-05102017_Bombas_y_tuberias__Accesorios_C2.Planta-05102017_Bombas_y_tuberias__Accesorios_C2', 'Gray', 'Metal'),
(6, 6, 1, false, now(), '/Game/Proter/Planta-05102017_Bombas_y_tuberias__Accesorios_D1_golilla.Planta-05102017_Bombas_y_tuberias__Accesorios_D1_golilla', 'Gray', 'Metal'),
(7, 7, 1, false, now(), '/Game/Proter/Planta-05102017_Bombas_y_tuberias__Accesorios_D1_perno.Planta-05102017_Bombas_y_tuberias__Accesorios_D1_perno', 'DarkGray', 'Metal'),
(8, 8, 1, false, now(), '/Game/Proter/Planta-05102017_Bombas_y_tuberias__Accesorios_D1_tuerca.Planta-05102017_Bombas_y_tuberias__Accesorios_D1_tuerca', 'DarkGray', 'Metal'),
(9, 9, 1, false, now(), '/Game/Proter/Planta-05102017_Bombas_y_tuberias__Accesorios_E1.Planta-05102017_Bombas_y_tuberias__Accesorios_E1', 'DarkGray', 'Metal'),
(10, 10, 1, false, now(), '/Game/Proter/Planta-05102017_Bombas_y_tuberias__Accesorios_Union.Planta-05102017_Bombas_y_tuberias__Accesorios_Union', 'DarkGray', 'Metal'),
(11, 11, 1, false, now(), '/Game/Proter/Planta-05102017_Bombas_y_tuberias__Bomba_10.Planta-05102017_Bombas_y_tuberias__Bomba_10', 'Gray', 'Metal'),
(12, 12, 1, false, now(), '/Game/Proter/Planta-05102017_Bombas_y_tuberias__Bomba_11.Planta-05102017_Bombas_y_tuberias__Bomba_11', 'DarkGray', 'Metal'),
(13, 13, 1, false, now(), '/Game/Proter/Planta-05102017_Bombas_y_tuberias__Bomba_12.Planta-05102017_Bombas_y_tuberias__Bomba_12', 'Yellow', 'Metal'),
(14, 14, 1, false, now(), '/Game/Proter/Planta-05102017_Bombas_y_tuberias__Bomba_13.Planta-05102017_Bombas_y_tuberias__Bomba_13', 'Gray', 'Metal'),
(15, 15, 1, false, now(), '/Game/Proter/Planta-05102017_Bombas_y_tuberias__Bomba_14.Planta-05102017_Bombas_y_tuberias__Bomba_14', 'Gray', 'Metal'),
(16, 16, 1, false, now(), '/Game/Proter/Planta-05102017_Bombas_y_tuberias__Bomba_15.Planta-05102017_Bombas_y_tuberias__Bomba_15', 'Gray', 'Metal'),
(17, 17, 1, false, now(), '/Game/Proter/Planta-05102017_Bombas_y_tuberias__Bomba_01.Planta-05102017_Bombas_y_tuberias__Bomba_01', 'DarkGray', 'Metal'),
(18, 18, 1, false, now(), '/Game/Proter/Planta-05102017_Bombas_y_tuberias__Bomba_02.Planta-05102017_Bombas_y_tuberias__Bomba_02', 'Yellow', 'Metal'),
(19, 19, 1, false, now(), '/Game/Proter/Planta-05102017_Bombas_y_tuberias__Bomba_03.Planta-05102017_Bombas_y_tuberias__Bomba_03', 'Gray', 'Metal'),
(20, 20, 1, false, now(), '/Game/Proter/Planta-05102017_Bombas_y_tuberias__Bomba_04.Planta-05102017_Bombas_y_tuberias__Bomba_04', 'DarkGray', 'Metal'),
(21, 21, 1, false, now(), '/Game/Proter/Planta-05102017_Bombas_y_tuberias__Bomba_05_1.Planta-05102017_Bombas_y_tuberias__Bomba_05_1', 'Gray', 'Metal'),
(22, 22, 1, false, now(), '/Game/Proter/Planta-05102017_Bombas_y_tuberias__Bomba_05_2.Planta-05102017_Bombas_y_tuberias__Bomba_05_2', 'Gray', 'Metal'),
(23, 23, 1, false, now(), '/Game/Proter/Planta-05102017_Bombas_y_tuberias__Bomba_06.Planta-05102017_Bombas_y_tuberias__Bomba_06', 'Gray', 'Metal'),
(24, 24, 1, false, now(), '/Game/Proter/Planta-05102017_Bombas_y_tuberias__Bomba_07.Planta-05102017_Bombas_y_tuberias__Bomba_07', 'DarkGray', 'Metal'),
(25, 25, 1, false, now(), '/Game/Proter/Planta-05102017_Bombas_y_tuberias__Bomba_08.Planta-05102017_Bombas_y_tuberias__Bomba_08', 'Gray', 'Metal'),
(26, 26, 1, false, now(), '/Game/Proter/Planta-05102017_Bombas_y_tuberias__Bomba_09.Planta-05102017_Bombas_y_tuberias__Bomba_09', 'Gray', 'Metal'),
(27, 27, 1, false, now(), '/Game/Proter/Planta-05102017_Bombas_y_tuberias__Bomba_16_esparrago.Planta-05102017_Bombas_y_tuberias__Bomba_16_esparrago', 'Gray', 'Metal'),
(28, 28, 1, false, now(), '/Game/Proter/Planta-05102017_Bombas_y_tuberias__Bomba_16_golilla.Planta-05102017_Bombas_y_tuberias__Bomba_16_golilla', 'Gray', 'Metal'),
(29, 29, 1, false, now(), '/Game/Proter/Planta-05102017_Bombas_y_tuberias__Bomba_16_tuerca.Planta-05102017_Bombas_y_tuberias__Bomba_16_tuerca', 'DarkGray', 'Metal'),
(30, 30, 1, false, now(), '/Game/Proter/Planta-05102017_Bombas_y_tuberias__Bomba_17_esparrago.Planta-05102017_Bombas_y_tuberias__Bomba_17_esparrago', 'Gray', 'Metal'),
(31, 31, 1, false, now(), '/Game/Proter/Planta-05102017_Bombas_y_tuberias__Bomba_17_golilla.Planta-05102017_Bombas_y_tuberias__Bomba_17_golilla', 'Gray', 'Metal'),
(32, 32, 1, false, now(), '/Game/Proter/Planta-05102017_Bombas_y_tuberias__Bomba_17_tuerca.Planta-05102017_Bombas_y_tuberias__Bomba_17_tuerca', 'DarkGray', 'Metal'),
(33, 33, 1, false, now(), '/Game/Proter/Planta-05102017_Bombas_y_tuberias__Caja_recolectora.Planta-05102017_Bombas_y_tuberias__Caja_recolectora', 'Green', 'Plastic'),
(34, 34, 1, false, now(), '/Game/Proter/Planta-05102017_Bombas_y_tuberias__Estanque_600_CR_002.Planta-05102017_Bombas_y_tuberias__Estanque_600_CR_002', 'Green', 'Plastic'),
(35, 35, 1, false, now(), '/Game/Proter/Planta-05102017_Bombas_y_tuberias__Estanque_600_TK_001.Planta-05102017_Bombas_y_tuberias__Estanque_600_TK_001', 'Green', 'Plastic'),
(36, 36, 1, false, now(), '/Game/Proter/Planta-05102017_Bombas_y_tuberias__Filtro.Planta-05102017_Bombas_y_tuberias__Filtro', 'Cyan', 'Metal'),
(37, 37, 1, false, now(), '/Game/Proter/Planta-05102017_Bombas_y_tuberias__Filtro_tapa.Planta-05102017_Bombas_y_tuberias__Filtro_tapa', 'Cyan', 'Metal'),
(38, 38, 1, false, now(), '/Game/Proter/Planta-05102017_Bombas_y_tuberias__Golilla.Planta-05102017_Bombas_y_tuberias__Golilla', 'Gray', 'Metal'),
(39, 39, 1, false, now(), '/Game/Proter/Planta-05102017_Bombas_y_tuberias__Motor.Planta-05102017_Bombas_y_tuberias__Motor', 'Blue', 'Metal'),
(40, 40, 1, false, now(), '/Game/Proter/Planta-05102017_Bombas_y_tuberias__Perno.Planta-05102017_Bombas_y_tuberias__Perno', 'Gray', 'Metal'),
(41, 41, 1, false, now(), '/Game/Proter/Planta-05102017_Bombas_y_tuberias__Reduccion_bomba.Planta-05102017_Bombas_y_tuberias__Reduccion_bomba', 'Gray', 'Metal'),
(42, 42, 1, false, now(), '/Game/Proter/Planta-05102017_Bombas_y_tuberias__Soplador.Planta-05102017_Bombas_y_tuberias__Soplador', 'Blue', 'Metal'),
(43, 43, 1, false, now(), '/Game/Proter/Planta-05102017_Bombas_y_tuberias__Soplador_bomba.Planta-05102017_Bombas_y_tuberias__Soplador_bomba', 'Blue', 'Metal'),
(44, 44, 1, false, now(), '/Game/Proter/Planta-05102017_Bombas_y_tuberias__Soplador_disco.Planta-05102017_Bombas_y_tuberias__Soplador_disco', 'Gray', 'Metal'),
(45, 45, 1, false, now(), '/Game/Proter/Planta-05102017_Bombas_y_tuberias__Soplador_estanque.Planta-05102017_Bombas_y_tuberias__Soplador_estanque', 'Blue', 'Metal'),
(46, 46, 1, false, now(), '/Game/Proter/Planta-05102017_Bombas_y_tuberias__Soplador_golilla.Planta-05102017_Bombas_y_tuberias__Soplador_golilla', 'Gray', 'Metal'),
(47, 47, 1, false, now(), '/Game/Proter/Planta-05102017_Bombas_y_tuberias__Soplador_motor.Planta-05102017_Bombas_y_tuberias__Soplador_motor', 'Blue', 'Metal'),
(48, 48, 1, false, now(), '/Game/Proter/Planta-05102017_Bombas_y_tuberias__Soplador_perno.Planta-05102017_Bombas_y_tuberias__Soplador_perno', 'Gray', 'Metal'),
(49, 49, 1, false, now(), '/Game/Proter/Planta-05102017_Bombas_y_tuberias__Soplador_proteccion.Planta-05102017_Bombas_y_tuberias__Soplador_proteccion', 'Orange', 'Metal'),
(50, 50, 1, false, now(), '/Game/Proter/Planta-05102017_Bombas_y_tuberias__Soplador_tuerca.Planta-05102017_Bombas_y_tuberias__Soplador_tuerca', 'Gray', 'Metal'),
(51, 51, 1, false, now(), '/Game/Proter/Planta-05102017_Bombas_y_tuberias__Soporte.Planta-05102017_Bombas_y_tuberias__Soporte', 'Gray', 'Metal'),
(52, 52, 1, false, now(), '/Game/Proter/Planta-05102017_Bombas_y_tuberias__Terreno.Planta-05102017_Bombas_y_tuberias__Terreno', '', 'M_Concrete_Panels'),
(53, 53, 1, false, now(), '/Game/Proter/Planta-05102017_Bombas_y_tuberias__Tuberia_A1.Planta-05102017_Bombas_y_tuberias__Tuberia_A1', 'DarkGray', 'Metal'),
(54, 54, 1, false, now(), '/Game/Proter/Planta-05102017_Bombas_y_tuberias__Tuberia_A2.Planta-05102017_Bombas_y_tuberias__Tuberia_A2', 'DarkGray', 'Metal'),
(55, 55, 1, false, now(), '/Game/Proter/Planta-05102017_Bombas_y_tuberias__Tuberia_A3.Planta-05102017_Bombas_y_tuberias__Tuberia_A3', 'DarkGray', 'Metal'),
(56, 56, 1, false, now(), '/Game/Proter/Planta-05102017_Bombas_y_tuberias__Tuberia_A6.Planta-05102017_Bombas_y_tuberias__Tuberia_A6', 'DarkGray', 'Metal'),
(57, 57, 1, false, now(), '/Game/Proter/Planta-05102017_Bombas_y_tuberias__Tuberia_A7.Planta-05102017_Bombas_y_tuberias__Tuberia_A7', 'DarkGray', 'Metal'),
(58, 58, 1, false, now(), '/Game/Proter/Planta-05102017_Bombas_y_tuberias__Tuerca.Planta-05102017_Bombas_y_tuberias__Tuerca', 'DarkGray', 'Metal'),
(59, 59, 1, false, now(), '/Game/Proter/Planta-05102017_Bombas_y_tuberias__Valvulas.Planta-05102017_Bombas_y_tuberias__Valvulas', 'Gold', 'Metal'),
(60, 60, 1, false, now(), '/Game/Proter/Planta-05102017_Bombas_y_tuberias__Valvulas_bola.Planta-05102017_Bombas_y_tuberias__Valvulas_bola', 'Gray', 'Metal'),
(61, 61, 1, false, now(), '/Game/Proter/Planta-05102017_Bombas_y_tuberias__Valvulas_golillas.Planta-05102017_Bombas_y_tuberias__Valvulas_golillas', 'Gray', 'Metal'),
(62, 62, 1, false, now(), '/Game/Proter/Planta-05102017_Bombas_y_tuberias__Valvulas_manilla.Planta-05102017_Bombas_y_tuberias__Valvulas_manilla', 'Red', 'Metal'),
(63, 63, 1, false, now(), '/Game/Proter/Planta-05102017_Bombas_y_tuberias__Valvulas_pernos.Planta-05102017_Bombas_y_tuberias__Valvulas_pernos', 'DarkGray', 'Metal'),
(64, 64, 1, false, now(), '/Game/Proter/Planta-05102017_Bombas_y_tuberias__Valvulas_placa.Planta-05102017_Bombas_y_tuberias__Valvulas_placa', 'Gray', 'Metal'),
(65, 65, 1, false, now(), '/Game/Proter/Planta-05102017_Bombas_y_tuberias__Valvulas_tuercas.Planta-05102017_Bombas_y_tuberias__Valvulas_tuercas', 'DarkGray', 'Metal'),
(66, 66, 1, false, now(), '/Game/Proter/Planta-05102017_Caseta__Barandas_Caseta.Planta-05102017_Caseta__Barandas_Caseta', 'Yellow', 'Metal'),
(67, 67, 1, false, now(), '/Game/Proter/Planta-05102017_Caseta__Bases.Planta-05102017_Caseta__Bases', '', 'M_Concrete_Tiles'),
(68, 68, 1, false, now(), '/Game/Proter/Planta-05102017_Caseta__Container.Planta-05102017_Caseta__Container', 'Orange', 'Metal'),
(69, 69, 1, false, now(), '/Game/Proter/Planta-05102017_Caseta__Cristal.Planta-05102017_Caseta__Cristal', '', 'M_Glass'),
(70, 70, 1, false, now(), '/Game/Proter/Planta-05102017_Caseta__Estructura_escalera.Planta-05102017_Caseta__Estructura_escalera', 'Blue', 'Metal'),
(71, 71, 1, false, now(), '/Game/Proter/Planta-05102017_Caseta__Manillas.Planta-05102017_Caseta__Manillas', 'Gray', 'Metal'),
(72, 72, 1, false, now(), '/Game/Proter/Planta-05102017_Caseta__Marcos.Planta-05102017_Caseta__Marcos', 'Gray', 'Metal'),
(73, 73, 1, false, now(), '/Game/Proter/Planta-05102017_Caseta__Piso_escalera.Planta-05102017_Caseta__Piso_escalera', 'Yellow', 'Metal'),
(74, 74, 1, false, now(), '/Game/Proter/Planta-05102017_Caseta__Puertas.Planta-05102017_Caseta__Puertas', 'Gray', 'Metal'),
(75, 75, 1, false, now(), '/Game/Proter/Planta-05102017_Caseta__Techo.Planta-05102017_Caseta__Techo', 'Gray', 'Metal'),
(76, 76, 1, false, now(), '/Game/Proter/Planta-05102017_Linea_Electrica__Bases_linea_electrica.Planta-05102017_Linea_Electrica__Bases_linea_electrica', 'Gray', 'Metal'),
(77, 77, 1, false, now(), '/Game/Proter/Planta-05102017_Linea_Electrica__Canaletas.Planta-05102017_Linea_Electrica__Canaletas', 'Brown', 'Plastic'),
(78, 78, 1, false, now(), '/Game/Proter/Planta-05102017_Planta__ARRIOSTRAM.Planta-05102017_Planta__ARRIOSTRAM', 'Blue', 'Metal'),
(79, 79, 1, false, now(), '/Game/Proter/Planta-05102017_Planta__Barandas_Planta.Planta-05102017_Planta__Barandas_Planta', 'Yellow', 'Metal'),
(80, 80, 1, false, now(), '/Game/Proter/Planta-05102017_Planta__CIELO.Planta-05102017_Planta__CIELO', 'Gray', 'Metal'),
(81, 81, 1, false, now(), '/Game/Proter/Planta-05102017_Planta__Estructura_Planta.Planta-05102017_Planta__Estructura_Planta', 'Blue', 'Metal'),
(82, 82, 1, false, now(), '/Game/Proter/Planta-05102017_Planta__PISO.Planta-05102017_Planta__PISO', 'Yellow', 'Metal');


INSERT INTO assembly (part_number, model_id)
VALUES ('NA', 1),
('NA', 2),
('NA', 3),
('NA', 4),
('NA', 5),
('NA', 6),
('NA', 7),
('NA', 8),
('NA', 9),
('NA', 10),
('PR1-10', 11),
('PR1-11', 12),
('PR1-12', 13),
('PR1-13', 14),
('PR1-14', 15),
('PR1-15', 16),
('PR1-01', 17),
('PR1-02', 18),
('PR1-03', 19),
('PR1-04', 20),
('PR1-05 1', 21),
('PR1-05 2', 22),
('PR1-06', 23),
('PR1-07', 24),
('PR1-08', 25),
('PR1-09', 26),
('PR1-16', 27),
('PR1-17', 28),
('PR1-17', 29),
('PR1-17', 30),
('PR1-17', 31),
('PR1-17', 32),
('NA', 33),
('NA', 34),
('NA', 35),
('NA', 36),
('NA', 37),
('NA', 38),
('PR0101-1', 39),
('NA', 40),
('NA', 41),
('NA', 42),
('NA', 43),
('NA', 44),
('NA', 45),
('NA', 46),
('NA', 47),
('NA', 48),
('NA', 49),
('NA', 50),
('PR1-1', 51),
('NA', 52),
('NA', 53),
('NA', 54),
('NA', 55),
('NA', 56),
('NA', 57),
('NA', 58),
('NA', 59),
('NA', 60),
('NA', 61),
('NA', 62),
('NA', 63),
('NA', 64),
('NA', 65),
('NA', 66),
('NA', 67),
('NA', 68),
('NA', 69),
('NA', 70),
('NA', 71),
('NA', 72),
('NA', 73),
('NA', 74),
('NA', 75),
('NA', 76),
('NA', 77),
('NA', 78),
('NA', 79),
('NA', 80),
('NA', 81),
('NA', 82);

INSERT INTO stock (position_entity_id, assembly_id, serial_number, created_at, canShowInfo, canBeSelected, enable)
VALUES (83, 1, 'SN-1', now(), false, false, true ),
(84, 2, 'SN-2', now(), false, false, true ),
(85, 3, 'SN-3', now(), false, false, true ),
(86, 4, 'SN-4', now(), false, false, true ),
(87, 5, 'SN-5', now(), false, false, true ),
(88, 6, 'SN-6', now(), false, false, true ),
(89, 7, 'SN-7', now(), false, false, true ),
(90, 8, 'SN-8', now(), false, false, true ),
(91, 9, 'SN-9', now(), false, false, true ),
(92, 10, 'SN-10', now(), false, false, true ),
(93, 11, 'SN-11', now(), false, false, true ),
(94, 12, 'SN-12', now(), false, false, true ),
(95, 13, 'SN-13', now(), false, false, true ),
(96, 14, 'SN-14', now(), false, false, true ),
(97, 15, 'SN-15', now(), false, false, true ),
(98, 16, 'SN-16', now(), false, false, true ),
(99, 17, 'SN-17', now(), false, false, true ),
(100, 18, 'SN-18', now(), false, false, true ),
(101, 19, 'SN-19', now(), false, false, true ),
(102, 20, 'SN-20', now(), false, false, true ),
(103, 21, 'SN-21', now(), false, false, true ),
(104, 22, 'SN-22', now(), false, false, true ),
(105, 23, 'SN-23', now(), false, false, true ),
(106, 24, 'SN-24', now(), false, false, true ),
(107, 25, 'SN-25', now(), false, false, true ),
(108, 26, 'SN-26', now(), false, false, true ),
(109, 27, 'SN-27', now(), false, false, true ),
(110, 28, 'SN-28', now(), false, false, true ),
(111, 29, 'SN-29', now(), false, false, true ),
(112, 30, 'SN-30', now(), false, false, true ),
(113, 31, 'SN-31', now(), false, false, true ),
(114, 32, 'SN-32', now(), false, false, true ),
(115, 33, 'SN-33', now(), false, false, true ),
(116, 34, 'SN-34', now(), false, false, true ),
(117, 35, 'SN-35', now(), false, false, true ),
(118, 36, 'SN-36', now(), false, false, true ),
(119, 37, 'SN-37', now(), false, false, true ),
(120, 38, 'SN-38', now(), false, false, true ),
(121, 39, 'SN-39', now(), false, false, true ),
(122, 40, 'SN-40', now(), false, false, true ),
(123, 41, 'SN-41', now(), false, false, true ),
(124, 42, 'SN-42', now(), false, false, true ),
(125, 43, 'SN-43', now(), false, false, true ),
(126, 44, 'SN-44', now(), false, false, true ),
(127, 45, 'SN-45', now(), false, false, true ),
(128, 46, 'SN-46', now(), false, false, true ),
(129, 47, 'SN-47', now(), false, false, true ),
(130, 48, 'SN-48', now(), false, false, true ),
(131, 49, 'SN-49', now(), false, false, true ),
(132, 50, 'SN-50', now(), false, false, true ),
(133, 51, 'SN-51', now(), false, false, true ),
(134, 52, 'SN-52', now(), false, false, true ),
(135, 53, 'SN-53', now(), false, false, true ),
(136, 54, 'SN-54', now(), false, false, true ),
(137, 55, 'SN-55', now(), false, false, true ),
(138, 56, 'SN-56', now(), false, false, true ),
(139, 57, 'SN-57', now(), false, false, true ),
(140, 58, 'SN-58', now(), false, false, true ),
(141, 59, 'SN-59', now(), false, false, true ),
(142, 60, 'SN-60', now(), false, false, true ),
(143, 61, 'SN-61', now(), false, false, true ),
(144, 62, 'SN-62', now(), false, false, true ),
(145, 63, 'SN-63', now(), false, false, true ),
(146, 64, 'SN-64', now(), false, false, true ),
(147, 65, 'SN-65', now(), false, false, true ),
(148, 66, 'SN-66', now(), false, false, true ),
(149, 67, 'SN-67', now(), false, false, true ),
(150, 68, 'SN-68', now(), false, false, true ),
(151, 69, 'SN-69', now(), false, false, true ),
(152, 70, 'SN-70', now(), false, false, true ),
(153, 71, 'SN-71', now(), false, false, true ),
(154, 72, 'SN-72', now(), false, false, true ),
(155, 73, 'SN-73', now(), false, false, true ),
(156, 74, 'SN-74', now(), false, false, true ),
(157, 75, 'SN-75', now(), false, false, true ),
(158, 76, 'SN-76', now(), false, false, true ),
(159, 77, 'SN-77', now(), false, false, true ),
(160, 78, 'SN-78', now(), false, false, true ),
(161, 79, 'SN-79', now(), false, false, true ),
(162, 80, 'SN-80', now(), false, false, true ),
(163, 81, 'SN-81', now(), false, false, true ),
(164, 82, 'SN-82', now(), false, false, true );

INSERT INTO assembly_translation (language_id, assembly_id, name, shortInfo, info)
VALUES (1, 1, 'Accesorios B4 TRed', 'Accesorios B4 TRed', 'Accesorios B4 TRed'),
(1, 2, 'Accesorios B5 codo', 'Accesorios B5 codo', 'Accesorios B5 codo'),
(1, 3, 'Accesorios B6', 'Accesorios B6', 'Accesorios B6'),
(1, 4, 'Accesorios C1', 'Accesorios C1', 'Accesorios C1'),
(1, 5, 'Accesorios C2', 'Accesorios C2', 'Accesorios C2'),
(1, 6, 'Accesorios D1 golilla', 'Accesorios D1 golilla', 'Accesorios D1 golilla'),
(1, 7, 'Accesorios D1 perno', 'Accesorios D1 perno', 'Accesorios D1 perno'),
(1, 8, 'Accesorios D1 tuerca', 'Accesorios D1 tuerca', 'Accesorios D1 tuerca'),
(1, 9, 'Accesorios E1', 'Accesorios E1', 'Accesorios E1'),
(1, 10, 'Accesorios Union', 'Accesorios Union', 'Accesorios Union'),
(1, 11, 'Flange Giratorio 2', 'Flange Giratorio 2', 'Flange Giratorio 2'),
(1, 12, 'Descarga', 'Descarga', 'Descarga'),
(1, 13, 'Caja Impulsor', 'Caja Impulsor', 'Caja Impulsor'),
(1, 14, 'Flange de Amarre', 'Flange de Amarre', 'Flange de Amarre'),
(1, 15, 'Descarga', 'Descarga', 'Descarga'),
(1, 16, 'Pasador Impulsor', 'Pasador Impulsor', 'Pasador Impulsor'),
(1, 17, 'Soporte Motor', 'Soporte Motor', 'Soporte Motor'),
(1, 18, 'Separador', 'Separador', 'Separador'),
(1, 19, 'Machón de Acople', 'Machón de Acople', 'Machón de Acople'),
(1, 20, 'Seguro de Sello', 'Seguro de Sello', 'Seguro de Sello'),
(1, 21, 'Sello Plano M50 1', 'Sello Plano M50 1', 'Sello Plano M50 1'),
(1, 22, 'Sello Plano M50 2', 'Sello Plano M50 2', 'Sello Plano M50 2'),
(1, 23, 'Tapa Impulsión', 'Tapa Impulsión', 'Tapa Impulsión'),
(1, 24, 'Alma Metálica', 'Alma Metálica', 'Alma Metálica'),
(1, 25, 'Pasador Impulsor', 'Pasador Impulsor', 'Pasador Impulsor'),
(1, 26, 'Impulsor', 'Impulsor', 'Impulsor'),
(1, 27, 'Esparrago 3/8', 'Esparrago 3/8', 'Esparrago - Espárrago 3/8'),
(1, 28, 'Golilla', 'Golilla', 'Golilla'),
(1, 29, 'Tuerca', 'Tuerca', 'Tuerca'),
(1, 30, 'Esparrago 1/2', 'Esparrago 1/2', 'Espárrago 1/2'),
(1, 31, 'Golilla', 'Golilla', 'Golilla'),
(1, 32, 'Tuerca', 'Tuerca', 'Tuerca'),
(1, 33, 'Caja Recolectora', 'Caja Recolectora', 'Caja Recolectora'),
(1, 34, 'Estanque 600 CR 002', 'Estanque 600 CR 002', 'Estanque 600 CR 002'),
(1, 35, 'Estanque 600 TK 001', 'Estanque 600 TK 001', 'Estanque 600 TK 001'),
(1, 36, 'Filtro', 'Filtro', 'Filtro'),
(1, 37, 'Filtro tapa', 'Filtro tapa', 'Filtro tapa'),
(1, 38, 'Golilla', 'Golilla', 'Golilla'),
(1, 39, 'Motor', 'Motor', 'MOTOR ELECTRICO\n Tipo: Trifásico\n clase : IE2 - 225M - 4\n Potencia : 4,1 kw(5.5 Hp)\n RPM : 1470\n Consumo : 8.1 Amp\n Eficiencia : 86.6%\n Factor de Potencia : 0.81'),
(1, 40, 'Perno', 'Perno', 'Perno'),
(1, 41, 'Reduccion Bomba', 'Reduccion Bomba', 'Reduccion Bomba'),
(1, 42, 'Soplador', 'Soplador', 'Soplador'),
(1, 43, 'Soplador Bomba', 'Soplador Bomba', 'Soplador Bomba'),
(1, 44, 'Soplador Disco', 'Soplador Disco', 'Soplador Disco'),
(1, 45, 'Soplador Estanque', 'Soplador Estanque', 'Soplador Estanque'),
(1, 46, 'Soplador Golilla', 'Soplador Golilla', 'Soplador Golilla'),
(1, 47, 'Soplador Motor', 'Soplador Motor', 'Soplador Motor'),
(1, 48, 'Soplador perno', 'Soplador perno', 'Soplador perno'),
(1, 49, 'Soplador proteccion', 'Soplador proteccion', 'Soplador proteccion'),
(1, 50, 'Soplador tuerca', 'Soplador tuerca', 'Soplador tuerca'),
(1, 51, 'Soporte', 'Soporte', 'Soporte'),
(1, 52, 'Terreno', 'Terreno', 'Terreno'),
(1, 53, 'Tuberia A1', 'Tuberia A1', 'Tuberia A1'),
(1, 54, 'Tuberia A2', 'Tuberia A2', 'Tuberia A2'),
(1, 55, 'Tuberia A3', 'Tuberia A3', 'Tuberia A3'),
(1, 56, 'Tuberia A6', 'Tuberia A6', 'Tuberia A6'),
(1, 57, 'Tuberia A7', 'Tuberia A7', 'Tuberia A7'),
(1, 58, 'Tuerca', 'Tuerca', 'Tuerca'),
(1, 59, 'Valvulas', 'Valvulas', 'Valvulas'),
(1, 60, 'Valvulas bola', 'Valvulas bola', 'VALVULA BOLA\n clase: 150\n Bola Acero Inoxidable\n Asientos PTFE\n Para Instalación Vertical u Horizontal\n Asientos recambiables\n Extremos flangeados\n Peso(aprox) 17 kg'),
(1, 61, 'Valvulas golillas', 'Valvulas golillas', 'Valvulas golillas'),
(1, 62, 'Valvulas manilla', 'Valvulas manilla', 'Valvulas manilla'),
(1, 63, 'Valvulas pernos', 'Valvulas pernos', 'Valvulas pernos'),
(1, 64, 'Valvulas placa', 'Valvulas placa', 'Valvulas placa'),
(1, 65, 'Valvulas tuercas', 'Valvulas tuercas', 'Valvulas tuercas'),
(1, 66, 'Barandas Caseta', 'Barandas Caseta', 'Barandas Caseta'),
(1, 67, 'Bases', 'Bases', 'Bases'),
(1, 68, 'Container', 'Container', 'Container'),
(1, 69, 'Cristal', 'Cristal', 'Cristal'),
(1, 70, 'Estructura escalera', 'Estructura escalera', 'Estructura escalera'),
(1, 71, 'Manillas', 'Manillas', 'Manillas'),
(1, 72, 'Marcos', 'Marcos', 'Marcos'),
(1, 73, 'Piso escalera', 'Piso escalera', 'Piso escalera'),
(1, 74, 'Puertas', 'Puertas', 'Puertas'),
(1, 75, 'Techo', 'Techo', 'Techo'),
(1, 76, 'Bases linea electrica', 'Bases linea electrica', 'Bases linea electrica'),
(1, 77, 'Canaletas', 'Canaletas', 'Canaletas'),
(1, 78, 'ARRIOSTRAM', 'ARRIOSTRAM', 'ARRIOSTRAM'),
(1, 79, 'Barandas Planta', 'Barandas Planta', 'Barandas Planta'),
(1, 80, 'CIELO', 'CIELO', 'CIELO'),
(1, 81, 'Estructura Planta', 'Estructura Planta', 'Estructura Planta'),
(1, 82, 'PISO', 'PISO', 'PISO');

INSERT INTO model (model_id, current_version)
VALUES (83, 1),
(84, 1),
(85, 1),
(86, 1);

INSERT INTO  model_version (model_id, position_entity_id, version, animated, created_at, path_model, color, material)
VALUES (83, 165, 1, false, now(), '.', 'None', 'None'),
(84, 166, 1, false, now(), '.', 'None', 'None'),
(85, 167, 1, false, now(), '.', 'None', 'None'),
(86, 168, 1, false, now(), '.', 'None', 'None');

INSERT INTO assembly (assembly_id, part_number, model_id)
VALUES (83, 'NA', 83),
(84, 'PR0501-3', 84),
(85, 'NA', 85),
(86, 'NA', 86);

INSERT INTO stock (position_entity_id, assembly_id, serial_number, created_at, canShowInfo, canBeSelected, enable)
VALUES (165, 83, 'SN-83', now(), false, false, true ),
(166, 84, 'SN-84', now(), true, true, true ),
(167, 85, 'SN-85', now(), false, false, true ),
(168, 86, 'SN-86', now(), false, false, true );

INSERT INTO sensor (sensor_id, name, path_sensor)
VALUES (1, 'Temperature-PR0501-3', '/temperature-1'),
(2, 'Pressure-PR0501-3', '/pressure-1'),
(3, 'Flux-PR0501-3', '/flux-1');

INSERT INTO sensor_stock (stock_id, sensor_id)
VALUES (84, 1),
(84, 2),
(84, 3);

INSERT INTO assembly_translation (language_id, assembly_id, name, shortInfo, info)
VALUES (1, 83, 'Caseta', 'Caseta', 'Caseta'),
(1, 84, 'Bomba', 'Bomba', 'BOMBA\n Fabricante: Reifox\n Tipo : centrifuga horizontal\n Modelo : 1 - 210 - 5.5 hp 1470 RPM\n Q : 55 mt3 / h\n 	H : 12 mca'),
(1, 85, 'Soplador', 'Soplador', 'Soplador'),
(1, 86, 'Planta', 'Planta', 'Planta');

INSERT INTO users (users_id, username, password_user, first_name, last_name, active, created_at)
VALUES (1, 'root', 'test123', '_', '_', true, now()),
(2, 'pdoren', 'test123', 'Pablo', 'Saavedra', true, now()),
(3, 'pcano', 'test123', 'Pablo', 'Cano', true, now());


INSERT INTO position_entity (position_entity_id, pos_x, pos_y, pos_z, rot_roll, rot_pitch, rot_yaw)
VALUES (169, 0, 0, 0, 0, 0, 0),
(170, 0, 0, 0, 0, 0, 0),
(171, 0, 0, 0, 0, 0, 0),
(172, 0, 0, 0, 0, 0, 0),
(173, 0, 0, 0, 0, 0, 0),
(174, 0, 0, 0, 0, 0, 0),
(175, 0, 0, 0, 0, 0, 0),
(176, 0, 0, 0, 0, 0, 0),
(177, 0, 0, 0, 0, 0, 0),
(178, 0, 0, 0, 0, 0, 0),
(179, 0, 0, 0, 0, 0, 0),
(180, 0, 0, 0, 0, 0, 0),
(181, 0, 0, 0, 0, 0, 0),
(182, 0, 0, 0, 0, 0, 0),
(183, 0, 0, 0, 0, 0, 0),
(184, 0, 0, 0, 0, 0, 0),
(185, 0, 0, 0, 0, 0, 0),
(186, 0, 0, 0, 0, 0, 0),
(187, 0, 0, 0, 0, 0, 0),
(188, 0, 0, 0, 0, 0, 0),
(189, 0, 0, 0, 0, 0, 0),
(190, 0, 0, 0, 0, 0, 0),
(191, 0, 0, 0, 0, 0, 0),
(192, 0, 0, 0, 0, 0, 0),
(193, 0, 0, 0, 0, 0, 0),
(194, 0, 0, 0, 0, 0, 0),
(195, 0, 0, 0, 0, 0, 0),
(196, 0, 0, 0, 0, 0, 0),
(197, 0, 0, 0, 0, 0, 0),
(198, 0, 0, 0, 0, 0, 0),
(199, 0, 0, 0, 0, 0, 0),
(200, 0, 0, 0, 0, 0, 0),
(201, 0, 0, 0, 0, 0, 0),
(202, 0, 0, 0, 0, 0, 0),
(203, 0, 0, 0, 0, 0, 0),
(204, 0, 0, 0, 0, 0, 0),
(205, 0, 0, 0, 0, 0, 0),
(206, 0, 0, 0, 0, 0, 0),
(207, 0, 0, 0, 0, 0, 0),
(208, 0, 0, 0, 0, 0, 0),
(209, 0, 0, 0, 0, 0, 0),
(210, 0, 0, 0, 0, 0, 0),
(211, 0, 0, 0, 0, 0, 0),
(212, 0, 0, 0, 0, 0, 0),
(213, 0, 0, 0, 0, 0, 0),
(214, 0, 0, 0, 0, 0, 0),
(215, 0, 0, 0, 0, 0, 0),
(216, 0, 0, 0, 0, 0, 0),
(217, 0, 0, 0, 0, 0, 0);


INSERT INTO subassembly (parent_assembly_id, child_assembly_id, position_entity_id)
VALUES (83, 66, 169),
(83, 67, 170),
(83, 68, 171),
(83, 69, 172),
(83, 70, 173),
(83, 71, 174),
(83, 72, 175),
(83, 73, 176),
(83, 74, 177),
(83, 75, 178),

(84, 11, 179),
(84, 12, 180),
(84, 13, 181),
(84, 14, 182),
(84, 15, 183),
(84, 16, 184),
(84, 17, 185),
(84, 18, 186),
(84, 19, 187),
(84, 20, 188),
(84, 21, 189),
(84, 22, 190),
(84, 23, 191),
(84, 24, 192),
(84, 25, 193),
(84, 26, 194),
(84, 27, 195),
(84, 28, 196),
(84, 29, 197),
(84, 30, 198),
(84, 31, 190),
(84, 32, 201),
(84, 39, 202),
(84, 41, 203),

(85, 42, 204),
(85, 43, 205),
(85, 44, 206),
(85, 45, 207),
(85, 46, 208),
(85, 47, 209),
(85, 48, 210),
(85, 49, 211),
(85, 50, 212),

(86, 78, 213),
(86, 79, 214),
(86, 80, 215),
(86, 81, 216),
(86, 82, 217);